<?xml version="1.0" encoding="UTF-8"?>
<manifest xmlns="http://www.imsproject.org/xsd/imscp_rootv1p1p2" xmlns:adlcp="http://www.adlnet.org/xsd/adlcp_rootv1p2" xmlns:xsi="http://www.w3.org/2001/XMLSchema-instance" identifier="SingleCourseManifest" version="1.2" xsi:schemaLocation="http://www.imsproject.org/xsd/imscp_rootv1p1p2 imscp_rootv1p1p2.xsd                               http://www.imsglobal.org/xsd/imsmd_rootv1p2p1 imsmd_rootv1p2p1.xsd                               http://www.adlnet.org/xsd/adlcp_rootv1p2 adlcp_rootv1p2.xsd">
  <organizations default="primeiro">
    <organization identifier="primeiro">
      <title>Indicadores de Negócios</title>
      <item identifier="MOD_00_SCO_01" identifierref="RES_00_01" isvisible="true">
        <title>Game</title>
        <adlcp:masteryscore>0</adlcp:masteryscore>
      </item>
    </organization>
  </organizations>
  <resources>
    <resource identifier="RES_00_01" type="webcontent" adlcp:scormtype="sco" href="index.html" />
  </resources>
</manifest>

